location_id,time,nitrogen_dioxide,temperature_2m,relative_humidity_2m,rain,wind_speed_10m
1,2026-10-03T19:00,35.0,28.8,62,0.0,3.5
1,2026-10-03T20:00,43.1,27.8,70,0.0,2.8
1,2026-10-03T21:00,51.7,27.3,75,0.0,2.3
1,2026-10-03T22:00,60.8,27.0,78,0.0,1.5
2,2026-10-03T19:00,0.9,29.2,69,0.0,20.7
2,2026-10-03T20:00,1.5,29.2,72,0.0,19.3
2,2026-10-03T21:00,2.5,29.3,70,0.0,18.6
2,2026-10-03T22:00,3.7,29.4,68,0.0,18.3
3,2026-10-03T19:00,19.0,29.5,57,0.0,9.7
3,2026-10-03T20:00,30.3,29.3,60,0.0,5.7
3,2026-10-03T21:00,43.6,28.9,64,0.0,5.3
3,2026-10-03T22:00,53.2,28.7,65,0.0,5.0
4,2026-10-03T19:00,31.1,23.4,97,0.0,1.5
4,2026-10-03T20:00,33.0,24.1,92,0.0,0.5
4,2026-10-03T21:00,33.0,24.4,86,0.0,1.2
4,2026-10-03T22:00,33.4,24.2,84,0.0,1.8
5,2026-10-03T19:00,23.2,25.5,80,0.0,3.3
5,2026-10-03T20:00,23.1,24.7,87,0.0,3.3
5,2026-10-03T21:00,22.1,23.8,91,0.0,4.4
5,2026-10-03T22:00,21.2,23.1,94,0.0,6.4
6,2026-10-03T19:00,25.1,27.4,74,0.0,7.7
6,2026-10-03T20:00,27.2,27.0,78,0.0,7.8
6,2026-10-03T21:00,28.0,26.5,83,0.0,6.1
6,2026-10-03T22:00,29.3,26.2,85,0.0,5.0
7,2026-10-03T19:00,0.9,29.2,67,0.0,22.0
7,2026-10-03T20:00,1.3,29.1,69,0.0,19.0
7,2026-10-03T21:00,2.0,29.1,71,0.0,17.4
7,2026-10-03T22:00,3.1,29.1,71,0.0,17.8
8,2026-10-03T19:00,67.2,29.6,57,0.0,8.1
8,2026-10-03T20:00,77.1,29.4,60,0.0,3.5
8,2026-10-03T21:00,81.8,29.2,61,0.0,3.4
8,2026-10-03T22:00,83.6,28.9,61,0.0,3.0
9,2026-10-03T19:00,85.2,30.1,46,0.0,5.6
9,2026-10-03T20:00,92.7,29.4,52,0.0,3.8
9,2026-10-03T21:00,94.2,28.9,55,0.0,4.6
9,2026-10-03T22:00,95.0,28.3,60,0.0,5.8
10,2026-10-03T19:00,46.1,29.4,61,0.0,9.9
10,2026-10-03T20:00,61.3,29.3,60,0.0,8.8
10,2026-10-03T21:00,76.2,28.9,62,0.0,6.9
10,2026-10-03T22:00,85.5,28.3,67,0.0,2.4
