location_id,time_no2,nitrogen_dioxide,time_weather,temperature_2m,relative_humidity_2m,rain,wind_speed_10m,LAG1,LAG2,LAG3
1,2026-10-03 23:00:00,71.5,2026-10-03 22:15:00,26.9,79,0.0,1.5,60.8,51.7,43.1
2,2026-10-03 23:00:00,5.5,2026-10-03 22:15:00,29.4,67,0.0,17.9,3.7,2.5,1.5
3,2026-10-03 23:00:00,56.0,2026-10-03 22:15:00,28.6,65,0.0,5.0,53.2,43.6,30.3
4,2026-10-03 23:00:00,35.1,2026-10-03 22:15:00,24.2,83,0.0,1.8,33.4,33.0,33.0
5,2026-10-03 23:00:00,20.6,2026-10-03 22:15:00,22.9,94,0.0,6.8,21.2,22.1,23.1
6,2026-10-03 23:00:00,31.8,2026-10-03 22:15:00,26.1,86,0.0,4.9,29.3,28.0,27.2
7,2026-10-03 23:00:00,5.1,2026-10-03 22:15:00,29.1,71,0.0,17.8,3.1,2.0,1.3
8,2026-10-03 23:00:00,81.7,2026-10-03 22:15:00,28.9,62,0.0,3.1,83.6,81.8,77.1
9,2026-10-03 23:00:00,97.0,2026-10-03 22:15:00,28.1,61,0.0,5.7,95.0,94.2,92.7
10,2026-10-03 23:00:00,85.7,2026-10-03 22:15:00,28.2,67,0.0,1.6,85.5,76.2,61.3
