location_id,target_time,weather_time,LAG1,LAG2,LAG3,temperature_2m,relative_humidity_2m,rain,wind_speed_10m,predicted_nitrogen_dioxide
1,2026-10-04 00:00:00,2026-10-03 23:00:00,71.5,60.8,51.7,26.5,82,0.0,1.6,80.38736457805848
2,2026-10-04 00:00:00,2026-10-03 23:00:00,5.5,3.7,2.5,29.3,66,0.0,16.4,6.765102331862721
3,2026-10-04 00:00:00,2026-10-03 23:00:00,56.0,53.2,43.6,28.4,66,0.0,5.1,55.27225464281437
4,2026-10-04 00:00:00,2026-10-03 23:00:00,35.1,33.4,33.0,24.1,81,0.0,1.8,36.30645823753389
5,2026-10-04 00:00:00,2026-10-03 23:00:00,20.6,21.2,22.1,22.4,94,0.0,7.7,20.010917321028415
6,2026-10-04 00:00:00,2026-10-03 23:00:00,31.8,29.3,28.0,25.9,87,0.0,4.9,34.88306410244469
7,2026-10-04 00:00:00,2026-10-03 23:00:00,5.1,3.1,2.0,29.1,69,0.0,17.7,6.666214978752009
8,2026-10-04 00:00:00,2026-10-03 23:00:00,81.7,83.6,81.8,28.6,62,0.0,3.4,77.40620092408061
9,2026-10-04 00:00:00,2026-10-03 23:00:00,97.0,95.0,94.2,27.7,64,0.0,4.7,96.87594230691761
10,2026-10-04 00:00:00,2026-10-03 23:00:00,85.7,85.5,76.2,28.1,68,0.0,0.5,81.8571549523929
